Fund Name,P1,P2,P3,P4,P5,Topsis Score,Rank
M1,0.68,0.46,7.0,38.3,11.61,0.49390349899781144,4
M2,0.71,0.5,3.7,54.8,14.93,0.3498613624362881,8
M3,0.72,0.52,3.8,36.3,10.34,0.37687499266978064,7
M4,0.74,0.55,6.8,48.1,14.05,0.5655919830908855,2
M5,0.72,0.52,4.6,43.0,12.21,0.38960309464855397,6
M6,0.82,0.67,4.3,43.5,12.32,0.5020317258262851,3
M7,0.64,0.41,5.5,62.0,17.14,0.4179655071891233,5
M8,0.86,0.74,6.9,52.4,15.23,0.6993466625085389,1
