Fund Name,P1,P2,P3,P4,P5,Topsis Score,Rank
M1,0.68,0.46,7.0,38.3,11.61,0.4215444796628347,5
M2,0.71,0.5,3.7,54.8,14.93,0.4055253648055631,6
M3,0.72,0.52,3.8,36.3,10.34,0.179687124023033,8
M4,0.74,0.55,6.8,48.1,14.05,0.5804069384184498,2
M5,0.72,0.52,4.6,43.0,12.21,0.29371479581313015,7
M6,0.82,0.67,4.3,43.5,12.32,0.4414635536298423,4
M7,0.64,0.41,5.5,62.0,17.14,0.5274175801494156,3
M8,0.86,0.74,6.9,52.4,15.23,0.8050755036010369,1
